id_cliente,nombre,apellido,email,telefono,direccion,id_localidad,nombre_completo
1,Cliente_1,Apellido_1,cliente1@email.com,123-456-0001,Calle 1 # 10,8,Cliente_1 Apellido_1
2,Cliente_2,Apellido_2,cliente2@email.com,123-456-0002,Calle 2 # 20,2,Cliente_2 Apellido_2
3,Cliente_3,Apellido_3,cliente3@email.com,123-456-0003,Calle 3 # 30,8,Cliente_3 Apellido_3
4,Cliente_4,Apellido_4,cliente4@email.com,123-456-0004,Calle 4 # 40,3,Cliente_4 Apellido_4
5,Cliente_5,Apellido_5,cliente5@email.com,123-456-0005,Calle 5 # 50,2,Cliente_5 Apellido_5
6,Cliente_6,Apellido_6,cliente6@email.com,123-456-0006,Calle 6 # 60,4,Cliente_6 Apellido_6
7,Cliente_7,Apellido_7,cliente7@email.com,123-456-0007,Calle 7 # 70,6,Cliente_7 Apellido_7
8,Cliente_8,Apellido_8,cliente8@email.com,123-456-0008,Calle 8 # 80,6,Cliente_8 Apellido_8
9,Cliente_9,Apellido_9,cliente9@email.com,123-456-0009,Calle 9 # 90,4,Cliente_9 Apellido_9
10,Cliente_10,Apellido_10,cliente10@email.com,123-456-0010,Calle 10 # 100,6,Cliente_10 Apellido_10
11,Cliente_11,Apellido_11,cliente11@email.com,123-456-0011,Calle 11 # 110,5,Cliente_11 Apellido_11
12,Cliente_12,Apellido_12,cliente12@email.com,123-456-0012,Calle 12 # 120,7,Cliente_12 Apellido_12
13,Cliente_13,Apellido_13,cliente13@email.com,123-456-0013,Calle 13 # 130,8,Cliente_13 Apellido_13
14,Cliente_14,Apellido_14,cliente14@email.com,123-456-0014,Calle 14 # 140,6,Cliente_14 Apellido_14
15,Cliente_15,Apellido_15,cliente15@email.com,123-456-0015,Calle 15 # 150,6,Cliente_15 Apellido_15
16,Cliente_16,Apellido_16,cliente16@email.com,123-456-0016,Calle 16 # 160,10,Cliente_16 Apellido_16
17,Cliente_17,Apellido_17,cliente17@email.com,123-456-0017,Calle 17 # 170,6,Cliente_17 Apellido_17
18,Cliente_18,Apellido_18,cliente18@email.com,123-456-0018,Calle 18 # 180,7,Cliente_18 Apellido_18
19,Cliente_19,Apellido_19,cliente19@email.com,123-456-0019,Calle 19 # 190,4,Cliente_19 Apellido_19
20,Cliente_20,Apellido_20,cliente20@email.com,123-456-0020,Calle 20 # 200,3,Cliente_20 Apellido_20
21,Cliente_21,Apellido_21,cliente21@email.com,123-456-0021,Calle 21 # 210,1,Cliente_21 Apellido_21
22,Cliente_22,Apellido_22,cliente22@email.com,123-456-0022,Calle 22 # 220,7,Cliente_22 Apellido_22
23,Cliente_23,Apellido_23,cliente23@email.com,123-456-0023,Calle 23 # 230,2,Cliente_23 Apellido_23
24,Cliente_24,Apellido_24,cliente24@email.com,123-456-0024,Calle 24 # 240,8,Cliente_24 Apellido_24
25,Cliente_25,Apellido_25,cliente25@email.com,123-456-0025,Calle 25 # 250,9,Cliente_25 Apellido_25
26,Cliente_26,Apellido_26,cliente26@email.com,123-456-0026,Calle 26 # 260,4,Cliente_26 Apellido_26
27,Cliente_27,Apellido_27,cliente27@email.com,123-456-0027,Calle 27 # 270,3,Cliente_27 Apellido_27
28,Cliente_28,Apellido_28,cliente28@email.com,123-456-0028,Calle 28 # 280,5,Cliente_28 Apellido_28
29,Cliente_29,Apellido_29,cliente29@email.com,123-456-0029,Calle 29 # 290,2,Cliente_29 Apellido_29
30,Cliente_30,Apellido_30,cliente30@email.com,123-456-0030,Calle 30 # 300,2,Cliente_30 Apellido_30
31,Cliente_31,Apellido_31,cliente31@email.com,123-456-0031,Calle 31 # 310,2,Cliente_31 Apellido_31
32,Cliente_32,Apellido_32,cliente32@email.com,123-456-0032,Calle 32 # 320,3,Cliente_32 Apellido_32
33,Cliente_33,Apellido_33,cliente33@email.com,123-456-0033,Calle 33 # 330,1,Cliente_33 Apellido_33
34,Cliente_34,Apellido_34,cliente34@email.com,123-456-0034,Calle 34 # 340,1,Cliente_34 Apellido_34
35,Cliente_35,Apellido_35,cliente35@email.com,123-456-0035,Calle 35 # 350,3,Cliente_35 Apellido_35
36,Cliente_36,Apellido_36,cliente36@email.com,123-456-0036,Calle 36 # 360,1,Cliente_36 Apellido_36
37,Cliente_37,Apellido_37,cliente37@email.com,123-456-0037,Calle 37 # 370,5,Cliente_37 Apellido_37
38,Cliente_38,Apellido_38,cliente38@email.com,123-456-0038,Calle 38 # 380,8,Cliente_38 Apellido_38
39,Cliente_39,Apellido_39,cliente39@email.com,123-456-0039,Calle 39 # 390,9,Cliente_39 Apellido_39
40,Cliente_40,Apellido_40,cliente40@email.com,123-456-0040,Calle 40 # 400,5,Cliente_40 Apellido_40
41,Cliente_41,Apellido_41,cliente41@email.com,123-456-0041,Calle 41 # 410,3,Cliente_41 Apellido_41
42,Cliente_42,Apellido_42,cliente42@email.com,123-456-0042,Calle 42 # 420,5,Cliente_42 Apellido_42
43,Cliente_43,Apellido_43,cliente43@email.com,123-456-0043,Calle 43 # 430,1,Cliente_43 Apellido_43
44,Cliente_44,Apellido_44,cliente44@email.com,123-456-0044,Calle 44 # 440,3,Cliente_44 Apellido_44
45,Cliente_45,Apellido_45,cliente45@email.com,123-456-0045,Calle 45 # 450,1,Cliente_45 Apellido_45
46,Cliente_46,Apellido_46,cliente46@email.com,123-456-0046,Calle 46 # 460,9,Cliente_46 Apellido_46
47,Cliente_47,Apellido_47,cliente47@email.com,123-456-0047,Calle 47 # 470,10,Cliente_47 Apellido_47
48,Cliente_48,Apellido_48,cliente48@email.com,123-456-0048,Calle 48 # 480,8,Cliente_48 Apellido_48
49,Cliente_49,Apellido_49,cliente49@email.com,123-456-0049,Calle 49 # 490,6,Cliente_49 Apellido_49
50,Cliente_50,Apellido_50,cliente50@email.com,123-456-0050,Calle 50 # 500,6,Cliente_50 Apellido_50
51,Cliente_51,Apellido_51,cliente51@email.com,123-456-0051,Calle 51 # 510,2,Cliente_51 Apellido_51
52,Cliente_52,Apellido_52,cliente52@email.com,123-456-0052,Calle 52 # 520,10,Cliente_52 Apellido_52
53,Cliente_53,Apellido_53,cliente53@email.com,123-456-0053,Calle 53 # 530,7,Cliente_53 Apellido_53
54,Cliente_54,Apellido_54,cliente54@email.com,123-456-0054,Calle 54 # 540,1,Cliente_54 Apellido_54
55,Cliente_55,Apellido_55,cliente55@email.com,123-456-0055,Calle 55 # 550,2,Cliente_55 Apellido_55
56,Cliente_56,Apellido_56,cliente56@email.com,123-456-0056,Calle 56 # 560,1,Cliente_56 Apellido_56
57,Cliente_57,Apellido_57,cliente57@email.com,123-456-0057,Calle 57 # 570,7,Cliente_57 Apellido_57
58,Cliente_58,Apellido_58,cliente58@email.com,123-456-0058,Calle 58 # 580,4,Cliente_58 Apellido_58
59,Cliente_59,Apellido_59,cliente59@email.com,123-456-0059,Calle 59 # 590,2,Cliente_59 Apellido_59
60,Cliente_60,Apellido_60,cliente60@email.com,123-456-0060,Calle 60 # 600,4,Cliente_60 Apellido_60
61,Cliente_61,Apellido_61,cliente61@email.com,123-456-0061,Calle 61 # 610,1,Cliente_61 Apellido_61
62,Cliente_62,Apellido_62,cliente62@email.com,123-456-0062,Calle 62 # 620,9,Cliente_62 Apellido_62
63,Cliente_63,Apellido_63,cliente63@email.com,123-456-0063,Calle 63 # 630,1,Cliente_63 Apellido_63
64,Cliente_64,Apellido_64,cliente64@email.com,123-456-0064,Calle 64 # 640,2,Cliente_64 Apellido_64
65,Cliente_65,Apellido_65,cliente65@email.com,123-456-0065,Calle 65 # 650,9,Cliente_65 Apellido_65
66,Cliente_66,Apellido_66,cliente66@email.com,123-456-0066,Calle 66 # 660,4,Cliente_66 Apellido_66
67,Cliente_67,Apellido_67,cliente67@email.com,123-456-0067,Calle 67 # 670,10,Cliente_67 Apellido_67
68,Cliente_68,Apellido_68,cliente68@email.com,123-456-0068,Calle 68 # 680,1,Cliente_68 Apellido_68
69,Cliente_69,Apellido_69,cliente69@email.com,123-456-0069,Calle 69 # 690,10,Cliente_69 Apellido_69
70,Cliente_70,Apellido_70,cliente70@email.com,123-456-0070,Calle 70 # 700,3,Cliente_70 Apellido_70
71,Cliente_71,Apellido_71,cliente71@email.com,123-456-0071,Calle 71 # 710,6,Cliente_71 Apellido_71
72,Cliente_72,Apellido_72,cliente72@email.com,123-456-0072,Calle 72 # 720,8,Cliente_72 Apellido_72
73,Cliente_73,Apellido_73,cliente73@email.com,123-456-0073,Calle 73 # 730,1,Cliente_73 Apellido_73
74,Cliente_74,Apellido_74,cliente74@email.com,123-456-0074,Calle 74 # 740,10,Cliente_74 Apellido_74
75,Cliente_75,Apellido_75,cliente75@email.com,123-456-0075,Calle 75 # 750,4,Cliente_75 Apellido_75
76,Cliente_76,Apellido_76,cliente76@email.com,123-456-0076,Calle 76 # 760,7,Cliente_76 Apellido_76
77,Cliente_77,Apellido_77,cliente77@email.com,123-456-0077,Calle 77 # 770,4,Cliente_77 Apellido_77
78,Cliente_78,Apellido_78,cliente78@email.com,123-456-0078,Calle 78 # 780,10,Cliente_78 Apellido_78
79,Cliente_79,Apellido_79,cliente79@email.com,123-456-0079,Calle 79 # 790,5,Cliente_79 Apellido_79
80,Cliente_80,Apellido_80,cliente80@email.com,123-456-0080,Calle 80 # 800,5,Cliente_80 Apellido_80
81,Cliente_81,Apellido_81,cliente81@email.com,123-456-0081,Calle 81 # 810,2,Cliente_81 Apellido_81
82,Cliente_82,Apellido_82,cliente82@email.com,123-456-0082,Calle 82 # 820,3,Cliente_82 Apellido_82
83,Cliente_83,Apellido_83,cliente83@email.com,123-456-0083,Calle 83 # 830,2,Cliente_83 Apellido_83
84,Cliente_84,Apellido_84,cliente84@email.com,123-456-0084,Calle 84 # 840,9,Cliente_84 Apellido_84
85,Cliente_85,Apellido_85,cliente85@email.com,123-456-0085,Calle 85 # 850,1,Cliente_85 Apellido_85
86,Cliente_86,Apellido_86,cliente86@email.com,123-456-0086,Calle 86 # 860,5,Cliente_86 Apellido_86
87,Cliente_87,Apellido_87,cliente87@email.com,123-456-0087,Calle 87 # 870,7,Cliente_87 Apellido_87
88,Cliente_88,Apellido_88,cliente88@email.com,123-456-0088,Calle 88 # 880,4,Cliente_88 Apellido_88
89,Cliente_89,Apellido_89,cliente89@email.com,123-456-0089,Calle 89 # 890,1,Cliente_89 Apellido_89
90,Cliente_90,Apellido_90,cliente90@email.com,123-456-0090,Calle 90 # 900,1,Cliente_90 Apellido_90
91,Cliente_91,Apellido_91,cliente91@email.com,123-456-0091,Calle 91 # 910,1,Cliente_91 Apellido_91
92,Cliente_92,Apellido_92,cliente92@email.com,123-456-0092,Calle 92 # 920,10,Cliente_92 Apellido_92
93,Cliente_93,Apellido_93,cliente93@email.com,123-456-0093,Calle 93 # 930,2,Cliente_93 Apellido_93
94,Cliente_94,Apellido_94,cliente94@email.com,123-456-0094,Calle 94 # 940,7,Cliente_94 Apellido_94
95,Cliente_95,Apellido_95,cliente95@email.com,123-456-0095,Calle 95 # 950,5,Cliente_95 Apellido_95
96,Cliente_96,Apellido_96,cliente96@email.com,123-456-0096,Calle 96 # 960,6,Cliente_96 Apellido_96
97,Cliente_97,Apellido_97,cliente97@email.com,123-456-0097,Calle 97 # 970,4,Cliente_97 Apellido_97
98,Cliente_98,Apellido_98,cliente98@email.com,123-456-0098,Calle 98 # 980,9,Cliente_98 Apellido_98
99,Cliente_99,Apellido_99,cliente99@email.com,123-456-0099,Calle 99 # 990,8,Cliente_99 Apellido_99
100,Cliente_100,Apellido_100,cliente100@email.com,123-456-0100,Calle 100 # 1000,9,Cliente_100 Apellido_100
